Complexity,Loss,Equation
1,325001.53,"1642.3313"
3,30254.998,"256.8 / x0"
4,19724.959,"log(x0) * -981.9531"
5,125.652,"(201.20775 / x0) + 412.73022"
7,125.1437,"((201.17992 / x0) - -413.10083) - x0"
8,118.45572,"((log(x0) - -204.09248) / x0) - -406.79736"
9,0.0,"(187.50006 / x0) + ((x0 * -494.99854) - -595.4993)"
