Complexity,Loss,Equation
1,325001.53,"1642.3313"
3,30254.998,"256.8 / x0"
4,19724.959,"log(x0) * -981.9531"
5,125.65261,"(201.20735 / x0) - -412.73346"
7,11.636475,"(261.99997 / (x0 + 0.020990264)) + 253.36964"
8,0.93673897,"((184.45139 / x0) - -830.7874) / exp(x0)"
9,0.0,"(187.50003 / x0) - ((x0 * 494.9992) + -595.4997)"
