{
  "boundary_points": [
    {
      "n_pos": 10.0,
      "n_neg": 10.0,
      "mean_m": -0.04770169270833332
    },
    {
      "n_pos": 20.0,
      "n_neg": 20.0,
      "mean_m": -0.038342200520833356
    },
    {
      "n_pos": 30.0,
      "n_neg": 30.0,
      "mean_m": -0.009694492187500011
    },
    {
      "n_pos": 40.0,
      "n_neg": 40.0,
      "mean_m": -0.04959576822916669
    }
  ]
}