{
  "rho_var_peak": 0.0,
  "rho_slope_peak": 0.0,
  "rho_c_estimate": 0.0,
  "var_peak_index": 0.0,
  "slope_peak_index": 0.0,
  "max_var": 0.020418988138642125,
  "max_abs_dm_drho": 17.374054899999997
}