{
  "config": {
    "graph_type": "erdos_renyi",
    "n_nodes": 500,
    "n_pos": 20,
    "n_neg": 30,
    "rho_pos": 0.04,
    "rho_neg": 0.06,
    "strategy_pos": "highest_degree",
    "strategy_neg": "random",
    "strategy_kwargs_pos": {},
    "strategy_kwargs_neg": {},
    "T": 20000,
    "burn_in": 4000,
    "seed": 42,
    "threshold": 0.0
  },
  "asymptotic_observables": {
    "mean_magnetization": -0.04224900000000002,
    "var_magnetization": 0.006605881999000009,
    "dominance_sign": -1,
    "victory_indicator": 0,
    "mean_positive_fraction": 0.4788755,
    "mean_negative_fraction": 0.5211245
  },
  "tipping_observables": {
    "mean_magnetization": -0.04224900000000002,
    "var_magnetization": 0.006605881999000009,
    "dominance_sign": -1,
    "victory_indicator": 0,
    "time_to_first_sign_change": 40,
    "time_to_first_crossing_above_threshold": 40,
    "fraction_time_above_threshold": 0.3250625,
    "fraction_time_below_threshold": 0.655
  },
  "flip_activity": null,
  "pos_nodes": [
    26,
    34,
    43,
    44,
    90,
    91,
    110,
    160,
    162,
    169,
    175,
    199,
    202,
    218,
    236,
    286,
    307,
    384,
    387,
    437
  ],
  "neg_nodes": [
    16,
    29,
    33,
    68,
    87,
    101,
    104,
    106,
    111,
    129,
    146,
    147,
    153,
    182,
    187,
    189,
    205,
    243,
    248,
    255,
    311,
    331,
    333,
    335,
    377,
    438,
    445,
    446,
    450,
    477
  ]
}