{
  "rows": [
    {
      "graph_type": "barabasi_albert",
      "graph_param_n": 120,
      "graph_param_p": 0.01,
      "graph_param_m": 3,
      "graph_param_L": 32,
      "n_pos": 6,
      "n_neg": 8,
      "rho_pos": 0.05,
      "rho_neg": 0.06666666666666667,
      "T": 3000,
      "burn_in": 600,
      "n_runs": 3,
      "seed": 191664963,
      "strategy_pos": "random",
      "strategy_neg": "random",
      "threshold": 0.0,
      "wl_n_iter": 3,
      "strategy_kwargs_pos": {},
      "strategy_kwargs_neg": {},
      "graph_n_nodes": 120.0,
      "graph_n_edges": 351.0,
      "graph_density": 0.04915966386554622,
      "graph_average_degree": 5.85,
      "graph_degree_variance": 31.827499999999993,
      "graph_degree_skewness": 3.0962175423137364,
      "graph_degree_moment_1": 5.85,
      "graph_degree_moment_2": 66.05,
      "graph_clustering_coefficient": 0.16089764041383808,
      "graph_average_shortest_path_length": 2.5981792717086836,
      "graph_largest_component_size": 120.0,
      "graph_largest_component_fraction": 1.0,
      "graph_is_connected": 1.0,
      "graph_degree_assortativity": -0.22098344300863632,
      "graph_laplacian_lambda2": 1.4557321644881316,
      "n_positive_wins": 1,
      "positive_win_probability": 0.3333333333333333,
      "mean_mean_magnetization": -0.13767361111111118,
      "std_mean_magnetization": 0.4211391948066483,
      "mean_var_magnetization": 0.051187370868698595,
      "std_var_magnetization": 0.013934443173227373,
      "mean_mean_positive_fraction": 0.431163194444444,
      "std_mean_positive_fraction": 0.21056959740332426,
      "mean_mean_negative_fraction": 0.5688368055555559,
      "std_mean_negative_fraction": 0.21056959740332432,
      "mean_time_to_first_sign_change": 147.0,
      "std_time_to_first_sign_change": 194.00773180468866,
      "mean_time_to_first_crossing_above_threshold": 1.0,
      "std_time_to_first_crossing_above_threshold": 0.0,
      "mean_fraction_time_above_threshold": 0.3948611111111111,
      "std_fraction_time_above_threshold": 0.4330047498884116,
      "mean_fraction_time_below_threshold": 0.6051388888888889,
      "std_fraction_time_below_threshold": 0.4330047498884116,
      "mean_stabilization_time": NaN,
      "std_stabilization_time": NaN,
      "mean_delta_psi_centrality": -0.024585436950834677,
      "std_delta_psi_centrality": 0.005856254671629068,
      "mean_delta_psi_degree": -17.666666666666668,
      "std_delta_psi_degree": 5.131601439446884,
      "mean_delta_psi_degree_norm": -0.0251661918328585,
      "std_delta_psi_degree_norm": 0.00730997356046565,
      "mean_delta_psi_dispersion": 0.005957441231594289,
      "std_delta_psi_dispersion": 0.032952616673119085,
      "mean_delta_psi_hybrid": -0.01624788429009467,
      "std_delta_psi_hybrid": 0.0064865402185939345,
      "mean_delta_psi_rho": -0.016666666666666663,
      "std_delta_psi_rho": 0.0,
      "mean_delta_psi_size": -2.0,
      "std_delta_psi_size": 0.0,
      "mean_delta_psi_wl": -0.016666666666666663,
      "std_delta_psi_wl": 0.0,
      "mean_neg_psi_centrality": 0.085486685983052,
      "std_neg_psi_centrality": 0.010695529058987302,
      "mean_neg_psi_degree": 62.0,
      "std_neg_psi_degree": 9.0,
      "mean_neg_psi_degree_norm": 0.08831908831908832,
      "std_neg_psi_degree_norm": 0.012820512820512824,
      "mean_neg_psi_dispersion": 0.4823720918372933,
      "std_neg_psi_dispersion": 0.024392092910155438,
      "mean_neg_psi_hybrid": 0.13660082802060824,
      "std_neg_psi_hybrid": 0.0035860502025581416,
      "mean_neg_psi_rho": 0.06666666666666667,
      "std_neg_psi_rho": 0.0,
      "mean_neg_psi_size": 8.0,
      "std_neg_psi_size": 0.0,
      "mean_neg_psi_wl": 0.06666666666666667,
      "std_neg_psi_wl": 0.0,
      "mean_pos_psi_centrality": 0.060901249032217324,
      "std_pos_psi_centrality": 0.005142925685085518,
      "mean_pos_psi_degree": 44.333333333333336,
      "std_pos_psi_degree": 4.163331998932266,
      "mean_pos_psi_degree_norm": 0.0631528964862298,
      "std_pos_psi_degree_norm": 0.005930672363151374,
      "mean_pos_psi_dispersion": 0.48832953306888754,
      "std_pos_psi_dispersion": 0.026295886496195922,
      "mean_pos_psi_hybrid": 0.12035294373051357,
      "std_pos_psi_hybrid": 0.002917673966265256,
      "mean_pos_psi_rho": 0.05000000000000001,
      "std_pos_psi_rho": 8.498374721940739e-18,
      "mean_pos_psi_size": 6.0,
      "std_pos_psi_size": 0.0,
      "mean_pos_psi_wl": 0.05000000000000001,
      "std_pos_psi_wl": 8.498374721940739e-18,
      "mean_diff_degree_sum": -17.666666666666668,
      "std_diff_degree_sum": 5.131601439446884,
      "mean_diff_pagerank_sum": -0.024585436950834677,
      "std_diff_pagerank_sum": 0.005856254671629068,
      "mean_diff_dispersion_score": 0.023215280398181586,
      "std_diff_dispersion_score": 0.12809954286764408,
      "mean_distance_advantage_pos": -0.08805031446540872,
      "std_distance_advantage_pos": 0.06138119904384638,
      "mean_wl_overlap_fraction_union": 0.0,
      "std_wl_overlap_fraction_union": 0.0,
      "mean_diff_wl_coverage_fraction": -0.016666666666666663,
      "std_diff_wl_coverage_fraction": 0.0,
      "target_mean_m": -0.13767361111111118,
      "target_positive_win_probability": 0.3333333333333333,
      "target_threshold_crossing_time": 1.0,
      "target_stabilization_time": NaN
    },
    {
      "graph_type": "barabasi_albert",
      "graph_param_n": 120,
      "graph_param_p": 0.01,
      "graph_param_m": 3,
      "graph_param_L": 32,
      "n_pos": 6,
      "n_neg": 8,
      "rho_pos": 0.05,
      "rho_neg": 0.06666666666666667,
      "T": 3000,
      "burn_in": 600,
      "n_runs": 3,
      "seed": 1662057957,
      "strategy_pos": "highest_degree",
      "strategy_neg": "random",
      "threshold": 0.0,
      "wl_n_iter": 3,
      "strategy_kwargs_pos": {},
      "strategy_kwargs_neg": {},
      "graph_n_nodes": 120.0,
      "graph_n_edges": 351.0,
      "graph_density": 0.04915966386554622,
      "graph_average_degree": 5.85,
      "graph_degree_variance": 31.827499999999993,
      "graph_degree_skewness": 3.0962175423137364,
      "graph_degree_moment_1": 5.85,
      "graph_degree_moment_2": 66.05,
      "graph_clustering_coefficient": 0.16089764041383808,
      "graph_average_shortest_path_length": 2.5981792717086836,
      "graph_largest_component_size": 120.0,
      "graph_largest_component_fraction": 1.0,
      "graph_is_connected": 1.0,
      "graph_degree_assortativity": -0.22098344300863632,
      "graph_laplacian_lambda2": 1.4557321644881172,
      "n_positive_wins": 3,
      "positive_win_probability": 1.0,
      "mean_mean_magnetization": 0.5624907407407409,
      "std_mean_magnetization": 0.10139817364577433,
      "mean_var_magnetization": 0.007534572884516491,
      "std_var_magnetization": 0.0002960381524240544,
      "mean_mean_positive_fraction": 0.7812453703703696,
      "std_mean_positive_fraction": 0.0506990868228868,
      "mean_mean_negative_fraction": 0.21875462962963055,
      "std_mean_negative_fraction": 0.05069908682288681,
      "mean_time_to_first_sign_change": 38.666666666666664,
      "std_time_to_first_sign_change": 32.593455375785695,
      "mean_time_to_first_crossing_above_threshold": 38.666666666666664,
      "std_time_to_first_crossing_above_threshold": 32.593455375785695,
      "mean_fraction_time_above_threshold": 1.0,
      "std_fraction_time_above_threshold": 0.0,
      "mean_fraction_time_below_threshold": 0.0,
      "std_fraction_time_below_threshold": 0.0,
      "mean_stabilization_time": NaN,
      "std_stabilization_time": NaN,
      "mean_delta_psi_centrality": 0.14859369380070162,
      "std_delta_psi_centrality": 0.014404335240321916,
      "mean_delta_psi_degree": 122.33333333333333,
      "std_delta_psi_degree": 11.372481406154654,
      "mean_delta_psi_degree_norm": 0.17426400759734095,
      "std_delta_psi_degree_norm": 0.016200115963183267,
      "mean_delta_psi_dispersion": -0.16664647728788015,